id,name,url
423,A Boy and His Blob,
511,Alan Wake,
18,Assassin's Creed,
9340,Astro,
68,Batman: Arkham,
1,Bioshock,
869,Blood Bowl,
6851,Bloons TD,
225,Borderlands,
515,Burnout,
107,Call of Duty,
2278,Castle Crashers,
8660,Cities: Skylines,
89,Civilization,
5134,Compilation of Final Fantasy VII,
58,Counter-Strike,
1018,Day Of Defeat,
1494,Dishonored,
2327,Don't Starve,
242,Donkey Kong,
2946,Dota,
911,DuckTales,
544,Elite,
2233,FTL: Faster Than Light,
3,Fallout,
39,Final Fantasy,
8760,For the King,
448,Forza Motorsport,
66,Gears of War,
1854,Ghostbusters,
70,God of War,
1167,Grim Fandango,
35,Half-Life,
173,Halo,
2125,Hand of Fate,
6304,Horizon,
6461,Ico,
3239,Jurassic Park,
7099,Jurassic World Evolution,
5761,Kerbal Space Program,
272,Kingdom Hearts,
26,Left 4 Dead,
55,Lego Star Wars,
2724,Life is Strange,
238,LittleBigPlanet,
3527,Lumines,
997,MLB: The Show,
4740,Madden NFL,
7094,Mario + Rabbids,
598,Mario Golf,
461,Mario Strikers,
7292,Marvel's Spider-Man,
2624,Middle-earth,
610,NBA Jam,
223,Oddworld,
5443,Overcooked,
4867,PGA Tour Golf,
87,Portal,
1890,Psychonauts,
286,Ratchet & Clank,
2100,Red Dead Redemption,
83,Resident Evil,
6116,Resident Evil: Revelations,
518,Rock Band,
226,SoulCalibur,
2950,South Park,
7875,Star Wars Jedi,
4191,Star Wars: Battlefront,
4192,Star Wars: Racer,
60,Star Wars: The Force Unleashed,
6118,Super Mario Bros.,
2897,Super Meat Boy,
4455,Supersonic Acrobatic Rocket-Powered Battle-Cars,
218,Team Fortress,
555,Terraria,
6,The Elder Scrolls,
3057,The Jackbox Party Pack,
864,The Last of Us,
3833,The Playroom,
564,The Walking Dead - A Telltale Games Series,
2045,Titanfall,
2924,To the Moon,
183,Tomb Raider,
48,Total War,
97,Uncharted,
14,X-COM,
5701,Yooka-Laylee,
782,You Don't Know Jack,